Transaction_ID,Date,Customer_Age,Gender,Category,Quantity,Unit_Price,Total_Amount
TXN-10000,2025-04-13,60.0,Female,Home & Kitchen,1,105.65,105.65
TXN-10001,2025-12-15,20.0,Female,Electronics,1,342.46,342.46
TXN-10002,2025-09-28,50.0,Female,Home & Kitchen,4,168.32,673.28
TXN-10003,2025-04-17,23.0,Female,Electronics,1,494.0,494.0
TXN-10004,2025-03-13,67.0,Female,Clothing,3,169.59,508.77
TXN-10005,2025-07-08,27.0,Male,Beauty,3,203.13,609.39
TXN-10006,2025-01-21,22.0,Male,Electronics,1,305.63,305.63
TXN-10007,2025-04-13,40.0,Male,Clothing,2,402.83,805.66
TXN-10008,2025-05-02,27.0,Female,Home & Kitchen,1,240.06,240.06
TXN-10009,2025-08-03,61.0,Female,Books,1,217.1,217.1
TXN-10010,2025-11-27,19.0,Female,Home & Kitchen,1,497.86,497.86
TXN-10011,2025-03-29,30.0,Male,Clothing,2,15.14,30.28
TXN-10012,2025-04-10,57.0,Female,Home & Kitchen,2,448.58,897.16
TXN-10013,2025-12-26,19.0,Male,Clothing,2,83.08,166.16
TXN-10014,2025-06-01,37.0,Male,Home & Kitchen,2,395.1,790.2
TXN-10015,2025-05-11,18.0,Female,Beauty,1,312.79,312.79
TXN-10016,2025-05-30,54.0,Female,Home & Kitchen,2,177.51,355.02
TXN-10017,2025-11-05,26.0,Male,Books,3,438.2,1314.6
TXN-10018,2025-09-15,34.0,Male,Electronics,1,16.32,16.32
TXN-10019,2025-12-10,26.0,Male,Home & Kitchen,1,121.08,121.08
TXN-10020,2025-10-21,28.0,Male,Books,3,287.78,863.34
TXN-10021,2025-07-11,32.0,Female,Electronics,1,182.26,182.26
TXN-10022,2025-10-04,41.0,Male,Books,2,309.08,618.16
TXN-10023,2025-06-10,55.0,Female,Clothing,1,21.81,21.81
TXN-10024,2025-11-10,,Female,Home & Kitchen,1,67.06,67.06
TXN-10025,2025-01-22,47.0,Male,Books,1,72.28,72.28
TXN-10026,2025-09-10,48.0,Male,Home & Kitchen,1,102.75,102.75
TXN-10027,2025-08-24,66.0,Male,Electronics,2,235.07,470.14
TXN-10028,2025-12-11,22.0,Male,Home & Kitchen,2,378.54,757.08
TXN-10029,2025-02-18,61.0,Male,Clothing,3,453.71,1361.13
TXN-10030,2025-02-28,67.0,Female,Beauty,4,419.33,1677.32
TXN-10031,2025-06-19,31.0,Male,Clothing,2,106.48,212.96
TXN-10032,2025-07-07,28.0,Female,Clothing,3,226.16,678.48
TXN-10033,2025-09-28,26.0,Male,Home & Kitchen,1,107.71,107.71
TXN-10034,2025-07-09,51.0,Female,Clothing,2,139.59,279.18
TXN-10035,2025-06-24,29.0,Female,Home & Kitchen,3,256.74,770.22
TXN-10036,2025-02-20,52.0,Female,Home & Kitchen,1,43.37,43.37
TXN-10037,2025-12-30,52.0,Female,Books,2,116.91,233.82
TXN-10038,2025-02-24,18.0,Female,Home & Kitchen,1,468.34,468.34
TXN-10039,2025-09-01,57.0,Female,Clothing,2,238.4,476.8
TXN-10040,2025-11-16,39.0,Female,Electronics,4,228.24,912.96
TXN-10041,2025-05-11,46.0,Female,Electronics,4,17.14,68.56
TXN-10042,2025-11-03,25.0,Male,Electronics,3,131.23,393.69
TXN-10043,2025-05-15,28.0,Male,Electronics,3,434.48,1303.44
TXN-10044,2025-01-21,58.0,Female,Home & Kitchen,2,90.67,181.34
TXN-10045,2025-11-25,54.0,Female,Home & Kitchen,2,213.41,426.82
TXN-10046,2025-06-16,31.0,Female,Clothing,1,17.02,17.02
TXN-10047,2025-10-01,47.0,Female,Books,2,244.38,488.76
TXN-10048,2025-03-30,52.0,Female,Beauty,2,20.3,40.6
TXN-10049,2025-11-12,38.0,Male,Books,5,411.61,2058.05
TXN-10050,2025-01-14,54.0,Male,Home & Kitchen,2,414.18,828.36
TXN-10051,2025-08-30,22.0,Male,Clothing,2,395.99,791.98
TXN-10052,2025-09-22,36.0,Male,Clothing,2,148.85,297.7
TXN-10053,2025-12-12,31.0,Female,Electronics,2,420.25,840.5
TXN-10054,2025-02-22,43.0,Male,Clothing,3,276.07,828.21
TXN-10055,2025-12-06,21.0,Female,Beauty,1,193.17,193.17
TXN-10056,2025-04-02,42.0,Male,Books,2,316.41,632.82
TXN-10057,2025-09-21,62.0,Female,Electronics,3,16.05,48.15
TXN-10058,2025-02-04,59.0,Female,Clothing,2,80.05,160.1
TXN-10059,2025-07-25,42.0,Male,Books,1,373.72,373.72
TXN-10060,2025-03-22,35.0,Female,Electronics,2,129.64,259.28
TXN-10061,2025-02-19,57.0,Male,Clothing,3,303.02,909.06
TXN-10062,2025-12-26,25.0,Male,Books,1,198.7,198.7
TXN-10063,2025-01-02,56.0,Male,Clothing,3,428.85,1286.55
TXN-10064,2025-02-23,57.0,Male,Electronics,3,476.68,1430.04
TXN-10065,2025-04-16,31.0,Male,Clothing,2,442.95,885.9
TXN-10066,2025-09-17,49.0,Female,Books,5,142.6,713.0
TXN-10067,2025-11-06,68.0,Female,Home & Kitchen,3,105.14,315.42
TXN-10068,2025-07-10,55.0,Female,Electronics,3,242.47,727.41
TXN-10069,2025-08-06,50.0,Male,Clothing,3,13.59,40.77
TXN-10070,2025-02-13,40.0,Female,Clothing,1,22.65,22.65
TXN-10071,2025-06-11,32.0,Male,Home & Kitchen,1,281.11,281.11
TXN-10072,2025-07-21,50.0,Male,Books,2,265.02,530.04
TXN-10073,2025-09-27,42.0,Female,Electronics,1,497.35,497.35
TXN-10074,2025-12-17,34.0,Male,Books,2,108.9,217.8
TXN-10075,2025-10-31,50.0,Female,Electronics,4,136.47,545.88
TXN-10076,2025-09-28,64.0,Female,Clothing,3,65.63,196.89
TXN-10077,2025-08-03,19.0,Male,Electronics,2,459.6,919.2
TXN-10078,2025-09-09,31.0,Male,Clothing,4,391.13,1564.52
TXN-10079,2025-07-09,,Male,Clothing,3,412.95,1238.85
TXN-10080,2025-10-23,57.0,Female,Clothing,2,452.35,904.7
TXN-10081,2025-08-01,68.0,Male,Electronics,1,267.2,267.2
TXN-10082,2025-07-27,56.0,Male,Home & Kitchen,2,231.08,462.16
TXN-10083,2025-08-25,68.0,Male,Electronics,3,171.89,515.67
TXN-10084,2025-12-04,23.0,Female,Books,2,298.72,597.44
TXN-10085,2025-02-22,23.0,Male,Beauty,2,232.6,465.2
TXN-10086,2025-10-07,20.0,Male,Clothing,1,231.27,231.27
TXN-10087,2025-08-05,24.0,Female,Clothing,3,469.09,1407.27
TXN-10088,2025-09-09,68.0,Female,Clothing,3,492.18,1476.54
TXN-10089,2025-07-07,25.0,Male,Electronics,3,400.28,1200.84
TXN-10090,2025-02-10,59.0,Male,Clothing,5,380.81,1904.05
TXN-10091,2025-06-06,,Male,Books,3,343.47,1030.41
TXN-10092,2025-01-15,32.0,Female,Home & Kitchen,4,91.38,365.52
TXN-10093,2025-10-28,64.0,Male,Electronics,4,38.96,155.84
TXN-10094,2025-03-06,46.0,Female,Books,3,348.46,1045.38
TXN-10095,2025-12-11,50.0,Female,Clothing,2,367.11,734.22
TXN-10096,2025-11-23,69.0,Female,Books,1,33.02,33.02
TXN-10097,2025-01-09,47.0,Male,Home & Kitchen,2,464.75,929.5
TXN-10098,2025-12-10,56.0,Female,Home & Kitchen,2,54.66,109.32
TXN-10099,2025-05-09,44.0,Female,Electronics,1,150.09,150.09
TXN-10100,2025-05-16,53.0,Female,Electronics,1,339.47,339.47
TXN-10101,2025-03-04,46.0,Male,Beauty,5,93.24,466.2
TXN-10102,2025-05-19,55.0,Female,Electronics,4,37.15,148.6
TXN-10103,2025-03-22,50.0,Male,Beauty,3,172.26,516.78
TXN-10104,2025-06-12,54.0,Male,Clothing,2,385.33,770.66
TXN-10105,2025-10-16,44.0,Male,Electronics,1,212.7,212.7
TXN-10106,2025-09-18,50.0,Female,Electronics,1,329.96,329.96
TXN-10107,2025-08-19,21.0,Male,Electronics,1,294.01,294.01
TXN-10108,2025-02-10,39.0,Male,Beauty,1,20.89,20.89
TXN-10109,2025-01-28,19.0,Male,Clothing,1,494.38,494.38
TXN-10110,2025-05-15,27.0,Male,Clothing,4,30.3,121.2
TXN-10111,2025-07-20,22.0,Female,Clothing,3,484.22,1452.66
TXN-10112,2025-11-24,27.0,Female,Electronics,1,279.43,279.43
TXN-10113,2025-09-25,50.0,Male,Clothing,1,481.95,481.95
TXN-10114,2025-02-02,55.0,Male,Electronics,2,66.23,132.46
TXN-10115,2025-02-17,30.0,Female,Books,1,250.3,250.3
TXN-10116,2025-03-03,48.0,Male,Clothing,4,93.06,372.24
TXN-10117,2025-08-04,64.0,Male,Clothing,2,34.98,69.96
TXN-10118,2025-10-20,53.0,Female,Clothing,2,312.59,625.18
TXN-10119,2025-04-09,62.0,Female,Clothing,1,111.81,111.81
TXN-10120,2025-06-21,41.0,Male,Beauty,1,297.97,297.97
TXN-10121,2025-12-26,69.0,Female,Clothing,2,65.06,130.12
TXN-10122,2025-08-02,32.0,Male,Electronics,3,172.67,518.01
TXN-10123,2025-02-04,46.0,Female,Home & Kitchen,2,393.0,786.0
TXN-10124,2025-08-15,25.0,Male,Electronics,1,224.16,224.16
TXN-10125,2025-04-11,22.0,Male,Electronics,2,317.6,635.2
TXN-10126,2025-05-11,,Male,Beauty,2,327.25,654.5
TXN-10127,2025-09-14,64.0,Female,Books,4,423.44,1693.76
TXN-10128,2025-01-05,21.0,Female,Beauty,1,169.21,169.21
TXN-10129,2025-08-06,29.0,Male,Clothing,1,346.77,346.77
TXN-10130,2025-09-12,62.0,Male,Clothing,2,481.19,962.38
TXN-10131,2025-12-25,19.0,Female,Electronics,2,367.82,735.64
TXN-10132,2025-10-10,44.0,Male,Electronics,2,250.04,500.08
TXN-10133,2025-07-26,48.0,Male,Books,2,319.05,638.1
TXN-10134,2025-01-15,68.0,Female,Clothing,2,372.44,744.88
TXN-10135,2025-12-12,68.0,Male,Books,4,310.02,1240.08
TXN-10136,2025-02-11,53.0,Female,Home & Kitchen,2,18.17,36.34
TXN-10137,2025-06-28,53.0,Female,Electronics,4,105.44,421.76
TXN-10138,2025-03-04,43.0,Male,Clothing,2,407.13,814.26
TXN-10139,2025-12-18,60.0,Male,Home & Kitchen,4,143.6,574.4
TXN-10140,2025-08-19,44.0,Male,Electronics,3,368.47,1105.41
TXN-10141,2025-08-29,22.0,Female,Books,1,192.34,192.34
TXN-10142,2025-02-21,37.0,Female,Clothing,4,265.72,1062.88
TXN-10143,2025-04-06,28.0,Female,Electronics,1,43.31,43.31
TXN-10144,2025-08-10,27.0,Male,Home & Kitchen,4,98.8,395.2
TXN-10145,2025-08-19,57.0,Female,Beauty,2,479.03,958.06
TXN-10146,2025-08-25,55.0,Female,Electronics,1,446.17,446.17
TXN-10147,2025-05-23,23.0,Female,Books,2,329.61,659.22
TXN-10148,2025-06-20,25.0,Female,Electronics,5,235.23,1176.15
TXN-10149,2025-01-29,40.0,Female,Books,1,341.12,341.12
TXN-10150,2025-02-05,64.0,Female,Home & Kitchen,2,313.12,626.24
TXN-10151,2025-01-13,43.0,Female,Clothing,3,288.59,865.77
TXN-10152,2025-06-09,63.0,Male,Clothing,3,39.0,117.0
TXN-10153,2025-11-23,60.0,Male,Books,2,320.07,640.14
TXN-10154,2025-07-06,29.0,Female,Clothing,1,386.77,386.77
TXN-10155,2025-08-31,,Male,Home & Kitchen,1,497.1,497.1
TXN-10156,2025-03-27,30.0,Female,Electronics,2,15.43,30.86
TXN-10157,2025-10-11,57.0,Female,Books,2,367.78,735.56
TXN-10158,2025-03-07,35.0,Female,Home & Kitchen,4,290.18,1160.72
TXN-10159,2025-06-19,42.0,Male,Beauty,1,222.69,222.69
TXN-10160,2025-02-14,50.0,Male,Electronics,2,72.51,145.02
TXN-10161,2025-03-03,64.0,Male,Home & Kitchen,1,210.45,210.45
TXN-10162,2025-05-14,57.0,Female,Home & Kitchen,1,183.64,183.64
TXN-10163,2025-10-11,60.0,Female,Clothing,2,158.39,316.78
TXN-10164,2025-01-28,29.0,Female,Clothing,2,368.13,736.26
TXN-10165,2025-04-18,61.0,Male,Electronics,2,353.36,706.72
TXN-10166,2025-02-13,53.0,Female,Home & Kitchen,4,298.62,1194.48
TXN-10167,2025-12-06,65.0,Female,Clothing,2,469.95,939.9
TXN-10168,2025-10-13,21.0,Male,Electronics,5,181.43,907.15
TXN-10169,2025-11-27,22.0,Female,Home & Kitchen,4,129.46,517.84
TXN-10170,2025-05-08,54.0,Male,Clothing,2,331.39,662.78
TXN-10171,2025-12-14,25.0,Male,Electronics,3,107.42,322.26
TXN-10172,2025-08-19,59.0,Female,Beauty,2,164.36,328.72
TXN-10173,2025-07-09,66.0,Male,Beauty,1,120.06,120.06
TXN-10174,2025-08-13,45.0,Female,Clothing,3,43.89,131.67
TXN-10175,2025-10-10,48.0,Female,Electronics,1,415.47,415.47
TXN-10176,2025-05-01,26.0,Female,Books,2,134.72,269.44
TXN-10177,2025-04-26,68.0,Male,Clothing,3,241.78,725.34
TXN-10178,2025-08-21,46.0,Female,Clothing,1,31.22,31.22
TXN-10179,2025-09-16,31.0,Female,Clothing,1,352.68,352.68
TXN-10180,2025-12-25,57.0,Female,Clothing,4,171.97,687.88
TXN-10181,2025-07-17,58.0,Male,Home & Kitchen,2,374.92,749.84
TXN-10182,2025-05-17,39.0,Male,Clothing,1,212.08,212.08
TXN-10183,2025-11-14,28.0,Female,Home & Kitchen,2,105.92,211.84
TXN-10184,2025-06-14,40.0,Male,Beauty,2,261.46,522.92
TXN-10185,2025-08-13,18.0,Female,Clothing,2,73.95,147.9
TXN-10186,2025-11-03,63.0,Female,Home & Kitchen,5,225.86,1129.3
TXN-10187,2025-08-22,54.0,Female,Books,2,165.48,330.96
TXN-10188,2025-06-21,38.0,Female,Clothing,1,456.86,456.86
TXN-10189,2025-06-01,43.0,Female,Clothing,3,39.86,119.58
TXN-10190,2025-11-11,63.0,Female,Home & Kitchen,4,350.07,1400.28
TXN-10191,2025-06-09,53.0,Female,Home & Kitchen,1,99.55,99.55
TXN-10192,2025-04-06,40.0,Female,Books,1,166.33,166.33
TXN-10193,2025-08-21,18.0,Male,Clothing,1,213.6,213.6
TXN-10194,2025-06-29,68.0,Male,Beauty,2,454.93,909.86
TXN-10195,2025-04-23,57.0,Female,Electronics,2,128.86,257.72
TXN-10196,2025-11-14,32.0,Male,Electronics,2,54.74,109.48
TXN-10197,2025-02-21,38.0,Male,Home & Kitchen,4,166.16,664.64
TXN-10198,2025-09-25,64.0,Male,Clothing,3,61.29,183.87
TXN-10199,2025-10-22,26.0,Female,Electronics,1,73.01,73.01
TXN-10200,2025-04-23,26.0,Female,Clothing,1,291.19,291.19
TXN-10201,2025-04-11,27.0,Female,Clothing,2,39.84,79.68
TXN-10202,2025-04-23,69.0,Female,Electronics,1,25.16,25.16
TXN-10203,2025-03-22,43.0,Female,Beauty,2,360.06,720.12
TXN-10204,2025-07-06,58.0,Male,Electronics,4,187.21,748.84
TXN-10205,2025-04-23,52.0,Female,Home & Kitchen,1,71.43,71.43
TXN-10206,2025-01-02,69.0,Male,Books,2,134.27,268.54
TXN-10207,2025-05-10,42.0,Female,Beauty,3,324.62,973.86
TXN-10208,2025-08-08,43.0,Female,Electronics,2,145.01,290.02
TXN-10209,2025-02-23,28.0,Male,Books,1,252.32,252.32
TXN-10210,2025-12-09,55.0,Male,Clothing,2,69.63,139.26
TXN-10211,2025-08-12,19.0,Male,Home & Kitchen,1,298.17,298.17
TXN-10212,2025-08-13,24.0,Male,Home & Kitchen,4,164.88,659.52
TXN-10213,2025-05-06,35.0,Male,Books,1,317.21,317.21
TXN-10214,2025-05-10,44.0,Female,Clothing,2,406.11,812.22
TXN-10215,2025-02-22,51.0,Female,Home & Kitchen,2,309.71,619.42
TXN-10216,2025-06-21,44.0,Female,Clothing,5,154.92,774.6
TXN-10217,2025-08-06,34.0,Female,Books,1,135.31,135.31
TXN-10218,2025-06-09,,Female,Beauty,1,170.44,170.44
TXN-10219,2025-07-17,61.0,Female,Electronics,1,90.66,90.66
TXN-10220,2025-09-04,68.0,Male,Beauty,1,98.77,98.77
TXN-10221,2025-11-20,41.0,Female,Electronics,1,397.44,397.44
TXN-10222,2025-07-22,42.0,Male,Electronics,2,198.52,397.04
TXN-10223,2025-07-03,24.0,Female,Electronics,1,223.64,223.64
TXN-10224,2025-05-03,69.0,Female,Clothing,1,301.08,301.08
TXN-10225,2025-09-12,23.0,Female,Home & Kitchen,3,298.93,896.79
TXN-10226,2025-10-21,41.0,Male,Electronics,1,43.01,43.01
TXN-10227,2025-10-07,50.0,Female,Electronics,1,417.45,417.45
TXN-10228,2025-11-21,66.0,Female,Beauty,1,96.89,96.89
TXN-10229,2025-04-08,46.0,Male,Books,5,364.31,1821.55
TXN-10230,2025-07-17,60.0,Male,Books,1,388.61,388.61
TXN-10231,2025-08-28,39.0,Female,Books,4,360.3,1441.2
TXN-10232,2025-05-24,43.0,Male,Home & Kitchen,3,293.7,881.1
TXN-10233,2025-04-07,45.0,Female,Electronics,1,17.16,17.16
TXN-10234,2025-07-20,67.0,Male,Clothing,5,186.58,932.9
TXN-10235,2025-05-04,38.0,Male,Home & Kitchen,1,306.37,306.37
TXN-10236,2025-07-06,66.0,Female,Clothing,1,199.85,199.85
TXN-10237,2025-11-22,,Male,Home & Kitchen,3,433.11,1299.33
TXN-10238,2025-12-15,34.0,Female,Electronics,3,161.31,483.93
TXN-10239,2025-09-16,37.0,Male,Clothing,2,153.83,307.66
TXN-10240,2025-05-28,58.0,Male,Clothing,1,140.34,140.34
TXN-10241,2025-09-09,66.0,Female,Home & Kitchen,2,173.06,346.12
TXN-10242,2025-12-12,37.0,Female,Home & Kitchen,3,283.13,849.39
TXN-10243,2025-05-27,39.0,Female,Home & Kitchen,1,356.44,356.44
TXN-10244,2025-05-28,45.0,Female,Electronics,1,334.66,334.66
TXN-10245,2025-12-18,57.0,Female,Electronics,1,405.78,405.78
TXN-10246,2025-07-18,66.0,Male,Books,1,444.1,444.1
TXN-10247,2025-11-04,24.0,Male,Home & Kitchen,4,409.88,1639.52
TXN-10248,2025-05-08,18.0,Female,Electronics,2,19.28,38.56
TXN-10249,2025-02-08,49.0,Female,Books,5,370.6,1853.0
TXN-10250,2025-12-04,30.0,Female,Electronics,1,112.12,112.12
TXN-10251,2025-12-26,47.0,Male,Clothing,3,75.13,225.39
TXN-10252,2025-05-09,40.0,Male,Electronics,1,322.86,322.86
TXN-10253,2025-09-24,68.0,Female,Home & Kitchen,1,166.67,166.67
TXN-10254,2025-05-31,36.0,Female,Home & Kitchen,1,37.99,37.99
TXN-10255,2025-10-25,49.0,Female,Electronics,1,77.44,77.44
TXN-10256,2025-04-09,47.0,Female,Books,2,10.46,20.92
TXN-10257,2025-09-20,46.0,Female,Clothing,5,452.58,2262.9
TXN-10258,2025-09-09,66.0,Male,Clothing,2,22.06,44.12
TXN-10259,2025-05-24,62.0,Male,Electronics,1,112.63,112.63
TXN-10260,2025-12-12,46.0,Male,Clothing,1,213.97,213.97
TXN-10261,2025-04-22,47.0,Male,Electronics,1,184.72,184.72
TXN-10262,2025-03-01,33.0,Female,Home & Kitchen,2,456.75,913.5
TXN-10263,2025-01-02,57.0,Male,Books,3,29.74,89.22
TXN-10264,2025-10-31,36.0,Female,Clothing,4,260.99,1043.96
TXN-10265,2025-09-11,35.0,Male,Electronics,1,343.43,343.43
TXN-10266,2025-05-20,18.0,Male,Electronics,2,466.53,933.06
TXN-10267,2025-02-06,31.0,Male,Electronics,2,313.98,627.96
TXN-10268,2025-06-09,68.0,Male,Clothing,2,403.84,807.68
TXN-10269,2025-01-09,64.0,Female,Books,2,51.03,102.06
TXN-10270,2025-08-21,67.0,Male,Electronics,2,199.11,398.22
TXN-10271,2025-04-09,19.0,Female,Home & Kitchen,2,193.23,386.46
TXN-10272,2025-05-27,45.0,Male,Books,1,444.28,444.28
TXN-10273,2025-10-31,66.0,Male,Clothing,3,84.17,252.51
TXN-10274,2025-07-27,67.0,Male,Books,1,84.42,84.42
TXN-10275,2025-05-11,47.0,Female,Home & Kitchen,2,170.99,341.98
TXN-10276,2025-06-01,55.0,Female,Home & Kitchen,2,36.69,73.38
TXN-10277,2025-02-23,68.0,Male,Clothing,2,99.4,198.8
TXN-10278,2025-04-30,21.0,Male,Clothing,4,482.95,1931.8
TXN-10279,2025-06-10,18.0,Female,Electronics,4,219.81,879.24
TXN-10280,2025-04-26,25.0,Male,Clothing,3,319.69,959.07
TXN-10281,2025-03-16,46.0,Male,Clothing,2,365.79,731.58
TXN-10282,2025-04-23,56.0,Female,Home & Kitchen,3,189.81,569.43
TXN-10283,2025-04-14,20.0,Female,Electronics,2,82.14,164.28
TXN-10284,2025-12-06,49.0,Male,Beauty,4,111.22,444.88
TXN-10285,2025-09-11,27.0,Female,Home & Kitchen,2,163.5,327.0
TXN-10286,2025-08-15,27.0,Female,Clothing,5,321.67,1608.35
TXN-10287,2025-04-22,36.0,Male,Electronics,4,205.16,820.64
TXN-10288,2025-04-09,63.0,Female,Books,3,13.34,40.02
TXN-10289,2025-06-02,51.0,Female,Books,1,266.47,266.47
TXN-10290,2025-12-15,50.0,Male,Home & Kitchen,1,461.54,461.54
TXN-10291,2025-12-04,40.0,Male,Clothing,4,407.92,1631.68
TXN-10292,2025-07-13,45.0,Male,Clothing,1,414.35,414.35
TXN-10293,2025-11-06,49.0,Female,Electronics,4,399.58,1598.32
TXN-10294,2025-06-12,67.0,Male,Electronics,2,168.63,337.26
TXN-10295,2025-07-27,24.0,Female,Books,2,384.94,769.88
TXN-10296,2025-06-18,46.0,Female,Home & Kitchen,4,80.15,320.6
TXN-10297,2025-06-10,25.0,Male,Home & Kitchen,2,332.28,664.56
TXN-10298,2025-03-09,18.0,Female,Books,2,324.37,648.74
TXN-10299,2025-10-16,20.0,Male,Home & Kitchen,2,22.53,45.06
TXN-10300,2025-10-04,41.0,Female,Clothing,1,396.11,396.11
TXN-10301,2025-10-31,40.0,Female,Clothing,3,452.59,1357.77
TXN-10302,2025-05-15,25.0,Male,Beauty,1,141.03,141.03
TXN-10303,2025-07-14,64.0,Male,Electronics,4,408.07,1632.28
TXN-10304,2025-05-08,54.0,Male,Beauty,4,50.38,201.52
TXN-10305,2025-02-02,20.0,Male,Books,1,303.98,303.98
TXN-10306,2025-06-25,68.0,Male,Electronics,3,247.97,743.91
TXN-10307,2025-01-22,50.0,Male,Home & Kitchen,2,277.5,555.0
TXN-10308,2025-08-26,45.0,Female,Books,1,463.84,463.84
TXN-10309,2025-06-07,64.0,Male,Home & Kitchen,5,436.94,2184.7
TXN-10310,2025-02-07,25.0,Male,Beauty,1,394.69,394.69
TXN-10311,2025-08-18,51.0,Female,Beauty,1,144.11,144.11
TXN-10312,2025-12-31,52.0,Male,Clothing,2,456.79,913.58
TXN-10313,2025-02-20,49.0,Female,Clothing,2,57.78,115.56
TXN-10314,2025-09-21,41.0,Female,Beauty,2,428.13,856.26
TXN-10315,2025-10-10,31.0,Female,Home & Kitchen,3,170.8,512.4
TXN-10316,2025-01-27,49.0,Male,Electronics,2,36.35,72.7
TXN-10317,2025-08-14,63.0,Male,Electronics,2,337.98,675.96
TXN-10318,2025-10-04,60.0,Male,Home & Kitchen,1,123.33,123.33
TXN-10319,2025-10-13,33.0,Female,Beauty,1,129.35,129.35
TXN-10320,2025-04-07,21.0,Male,Books,1,159.96,159.96
TXN-10321,2025-10-11,69.0,Male,Home & Kitchen,1,41.21,41.21
TXN-10322,2025-11-13,54.0,Female,Electronics,2,96.79,193.58
TXN-10323,2025-10-31,38.0,Male,Clothing,1,12.52,12.52
TXN-10324,2025-05-27,31.0,Male,Books,1,228.25,228.25
TXN-10325,2025-01-04,48.0,Male,Electronics,1,51.29,51.29
TXN-10326,2025-02-04,65.0,Female,Clothing,4,344.5,1378.0
TXN-10327,2025-07-11,35.0,Male,Electronics,4,125.46,501.84
TXN-10328,2025-02-18,24.0,Female,Home & Kitchen,2,472.35,944.7
TXN-10329,2025-01-17,27.0,Female,Beauty,4,436.91,1747.64
TXN-10330,2025-06-21,24.0,Male,Clothing,3,151.83,455.49
TXN-10331,2025-08-08,50.0,Female,Clothing,2,393.78,787.56
TXN-10332,2025-06-07,40.0,Male,Home & Kitchen,1,403.59,403.59
TXN-10333,2025-02-15,38.0,Male,Beauty,3,493.42,1480.26
TXN-10334,2025-01-06,36.0,Female,Electronics,3,302.94,908.82
TXN-10335,2025-04-09,65.0,Female,Clothing,2,50.16,100.32
TXN-10336,2025-08-21,36.0,Female,Clothing,3,326.95,980.85
TXN-10337,2025-02-06,53.0,Female,Books,2,316.24,632.48
TXN-10338,2025-10-07,46.0,Male,Clothing,3,322.79,968.37
TXN-10339,2025-12-15,35.0,Male,Electronics,4,160.5,642.0
TXN-10340,2025-10-29,19.0,Male,Home & Kitchen,1,431.24,431.24
TXN-10341,2025-06-30,18.0,Male,Books,3,480.14,1440.42
TXN-10342,2025-04-05,64.0,Male,Electronics,2,116.68,233.36
TXN-10343,2025-04-09,22.0,Male,Books,2,53.19,106.38
TXN-10344,2025-07-07,37.0,Male,Electronics,3,105.32,315.96
TXN-10345,2025-04-26,28.0,Male,Home & Kitchen,1,412.07,412.07
TXN-10346,2025-07-10,59.0,Female,Clothing,2,341.56,683.12
TXN-10347,2025-09-10,19.0,Female,Home & Kitchen,1,321.66,321.66
TXN-10348,2025-06-10,20.0,Male,Clothing,2,206.88,413.76
TXN-10349,2025-09-13,40.0,Female,Books,2,293.14,586.28
TXN-10350,2025-11-19,29.0,Female,Home & Kitchen,3,160.86,482.58
TXN-10351,2025-05-08,37.0,Male,Home & Kitchen,1,243.83,243.83
TXN-10352,2025-01-18,22.0,Female,Books,2,398.6,797.2
TXN-10353,2025-10-08,54.0,Female,Books,1,490.81,490.81
TXN-10354,2025-08-11,55.0,Female,Electronics,4,466.92,1867.68
TXN-10355,2025-02-23,47.0,Male,Clothing,4,467.59,1870.36
TXN-10356,2025-02-27,26.0,Female,Beauty,5,207.09,1035.45
TXN-10357,2025-11-19,51.0,Male,Electronics,3,239.71,719.13
TXN-10358,2025-12-26,61.0,Female,Home & Kitchen,3,355.76,1067.28
TXN-10359,2025-06-23,52.0,Female,Beauty,1,461.87,461.87
TXN-10360,2025-10-07,69.0,Female,Electronics,1,79.58,79.58
TXN-10361,2025-04-24,39.0,Female,Home & Kitchen,2,159.08,318.16
TXN-10362,2025-10-15,61.0,Female,Clothing,3,78.23,234.69
TXN-10363,2025-12-08,41.0,Male,Home & Kitchen,4,309.88,1239.52
TXN-10364,2025-05-31,34.0,Male,Electronics,1,160.09,160.09
TXN-10365,2025-05-07,27.0,Female,Electronics,4,169.79,679.16
TXN-10366,2025-06-04,47.0,Male,Home & Kitchen,2,44.75,89.5
TXN-10367,2025-09-30,63.0,Male,Books,2,181.4,362.8
TXN-10368,2025-04-14,40.0,Male,Books,1,432.62,432.62
TXN-10369,2025-10-26,49.0,Male,Clothing,1,124.21,124.21
TXN-10370,2025-09-03,34.0,Female,Electronics,2,350.64,701.28
TXN-10371,2025-06-25,,Female,Home & Kitchen,2,318.52,637.04
TXN-10372,2025-02-08,68.0,Female,Electronics,1,433.11,433.11
TXN-10373,2025-06-19,34.0,Female,Beauty,2,74.82,149.64
TXN-10374,2025-09-04,31.0,Male,Books,4,489.02,1956.08
TXN-10375,2025-01-26,26.0,Male,Home & Kitchen,3,295.49,886.47
TXN-10376,2025-12-21,57.0,Female,Beauty,4,497.78,1991.12
TXN-10377,2025-11-02,19.0,Male,Electronics,1,456.64,456.64
TXN-10378,2025-01-13,62.0,Female,Home & Kitchen,1,118.54,118.54
TXN-10379,2025-11-12,42.0,Female,Clothing,3,37.52,112.56
TXN-10380,2025-11-09,56.0,Male,Beauty,2,135.26,270.52
TXN-10381,2025-02-05,26.0,Female,Clothing,1,268.51,268.51
TXN-10382,2025-06-22,39.0,Female,Home & Kitchen,1,94.08,94.08
TXN-10383,2025-01-20,60.0,Female,Books,2,92.06,184.12
TXN-10384,2025-11-17,63.0,Male,Electronics,1,236.67,236.67
TXN-10385,2025-09-21,21.0,Male,Clothing,1,26.3,26.3
TXN-10386,2025-05-22,43.0,Female,Books,1,69.73,69.73
TXN-10387,2025-05-23,46.0,Male,Clothing,1,213.77,213.77
TXN-10388,2025-04-02,62.0,Male,Clothing,2,40.93,81.86
TXN-10389,2025-12-20,51.0,Female,Electronics,2,204.41,408.82
TXN-10390,2025-11-18,40.0,Male,Electronics,2,242.26,484.52
TXN-10391,2025-10-15,54.0,Female,Books,1,231.12,231.12
TXN-10392,2025-08-03,28.0,Female,Home & Kitchen,1,435.9,435.9
TXN-10393,2025-12-08,23.0,Female,Electronics,2,269.73,539.46
TXN-10394,2025-02-20,35.0,Male,Clothing,2,239.31,478.62
TXN-10395,2025-06-02,38.0,Female,Clothing,2,211.25,422.5
TXN-10396,2025-07-05,59.0,Male,Electronics,1,410.64,410.64
TXN-10397,2025-03-04,53.0,Male,Clothing,4,448.58,1794.32
TXN-10398,2025-07-09,58.0,Female,Clothing,1,428.09,428.09
TXN-10399,2025-05-05,55.0,Male,Clothing,2,340.04,680.08
TXN-10400,2025-05-30,51.0,Male,Home & Kitchen,2,77.31,154.62
TXN-10401,2025-11-10,34.0,Female,Electronics,2,145.67,291.34
TXN-10402,2025-02-27,54.0,Male,Home & Kitchen,1,32.57,32.57
TXN-10403,2025-12-08,42.0,Male,Home & Kitchen,2,466.1,932.2
TXN-10404,2025-11-01,55.0,Female,Home & Kitchen,3,333.79,1001.37
TXN-10405,2025-06-29,29.0,Female,Home & Kitchen,1,375.72,375.72
TXN-10406,2025-06-19,40.0,Female,Clothing,1,162.67,162.67
TXN-10407,2025-11-22,59.0,Male,Books,1,424.37,424.37
TXN-10408,2025-09-28,39.0,Male,Home & Kitchen,3,137.21,411.63
TXN-10409,2025-02-23,38.0,Male,Clothing,1,10.81,10.81
TXN-10410,2025-04-11,44.0,Male,Books,5,194.44,972.2
TXN-10411,2025-09-21,48.0,Female,Home & Kitchen,2,289.67,579.34
TXN-10412,2025-02-22,23.0,Male,Clothing,5,244.57,1222.85
TXN-10413,2025-03-01,44.0,Male,Electronics,4,432.42,1729.68
TXN-10414,2025-04-18,57.0,Female,Electronics,2,61.65,123.3
TXN-10415,2025-01-05,51.0,Female,Books,1,281.37,281.37
TXN-10416,2025-04-13,29.0,Female,Home & Kitchen,1,261.36,261.36
TXN-10417,2025-07-15,62.0,Male,Beauty,1,147.88,147.88
TXN-10418,2025-09-19,24.0,Male,Home & Kitchen,3,412.89,1238.67
TXN-10419,2025-12-31,27.0,Male,Clothing,1,378.9,378.9
TXN-10420,2025-12-16,62.0,Male,Electronics,1,369.1,369.1
TXN-10421,2025-02-16,34.0,Female,Home & Kitchen,2,439.33,878.66
TXN-10422,2025-12-21,43.0,Female,Home & Kitchen,4,364.16,1456.64
TXN-10423,2025-11-07,38.0,Female,Beauty,1,123.6,123.6
TXN-10424,2025-11-04,45.0,Female,Electronics,1,355.73,355.73
TXN-10425,2025-05-24,63.0,Male,Clothing,1,160.77,160.77
TXN-10426,2025-09-26,19.0,Female,Home & Kitchen,4,128.67,514.68
TXN-10427,2025-05-04,60.0,Male,Home & Kitchen,2,45.77,91.54
TXN-10428,2025-04-16,18.0,Female,Home & Kitchen,1,374.57,374.57
TXN-10429,2025-06-07,68.0,Female,Books,1,358.39,358.39
TXN-10430,2025-05-27,53.0,Male,Electronics,1,124.9,124.9
TXN-10431,2025-05-25,68.0,Male,Home & Kitchen,1,377.2,377.2
TXN-10432,2025-04-30,43.0,Female,Home & Kitchen,4,459.74,1838.96
TXN-10433,2025-11-15,46.0,Male,Books,3,62.93,188.79
TXN-10434,2025-10-02,38.0,Male,Books,2,123.99,247.98
TXN-10435,2025-04-02,28.0,Male,Clothing,4,377.63,1510.52
TXN-10436,2025-02-27,57.0,Female,Clothing,1,144.51,144.51
TXN-10437,2025-12-12,28.0,Female,Beauty,3,316.09,948.27
TXN-10438,2025-08-17,53.0,Female,Clothing,4,49.77,199.08
TXN-10439,2025-04-27,66.0,Male,Beauty,1,231.58,231.58
TXN-10440,2025-11-14,56.0,Female,Electronics,3,372.15,1116.45
TXN-10441,2025-10-06,57.0,Male,Home & Kitchen,1,346.39,346.39
TXN-10442,2025-05-07,52.0,Female,Books,1,409.39,409.39
TXN-10443,2025-05-09,51.0,Female,Beauty,1,439.95,439.95
TXN-10444,2025-02-27,64.0,Male,Clothing,2,388.86,777.72
TXN-10445,2025-05-02,41.0,Male,Home & Kitchen,3,339.08,1017.24
TXN-10446,2025-01-01,39.0,Male,Clothing,4,25.54,102.16
TXN-10447,2025-08-27,22.0,Male,Electronics,2,272.13,544.26
TXN-10448,2025-10-17,50.0,Male,Home & Kitchen,4,28.47,113.88
TXN-10449,2025-04-06,53.0,Female,Home & Kitchen,3,405.95,1217.85
TXN-10450,2025-05-06,64.0,Female,Beauty,1,167.16,167.16
TXN-10451,2025-04-28,37.0,Male,Clothing,2,285.59,571.18
TXN-10452,2025-02-17,36.0,Male,Electronics,1,146.93,146.93
TXN-10453,2025-03-30,52.0,Male,Electronics,2,393.43,786.86
TXN-10454,2025-08-25,69.0,Female,Clothing,4,444.39,1777.56
TXN-10455,2025-09-29,60.0,Male,Clothing,1,205.33,205.33
TXN-10456,2025-07-08,34.0,Female,Books,3,432.83,1298.49
TXN-10457,2025-07-11,62.0,Female,Clothing,2,140.87,281.74
TXN-10458,2025-03-10,60.0,Female,Beauty,2,271.98,543.96
TXN-10459,2025-10-05,51.0,Female,Beauty,1,430.79,430.79
TXN-10460,2025-12-15,26.0,Male,Home & Kitchen,1,169.68,169.68
TXN-10461,2025-09-04,43.0,Female,Beauty,1,477.48,477.48
TXN-10462,2025-03-17,19.0,Male,Books,1,69.72,69.72
TXN-10463,2025-06-03,26.0,Male,Clothing,1,18.95,18.95
TXN-10464,2025-05-24,26.0,Female,Electronics,2,453.03,906.06
TXN-10465,2025-03-27,57.0,Female,Clothing,1,43.64,43.64
TXN-10466,2025-07-04,34.0,Female,Home & Kitchen,4,496.03,1984.12
TXN-10467,2025-10-12,18.0,Male,Books,2,476.18,952.36
TXN-10468,2025-08-08,42.0,Male,Clothing,2,77.14,154.28
TXN-10469,2025-03-10,60.0,Female,Books,2,273.42,546.84
TXN-10470,2025-02-16,57.0,Male,Home & Kitchen,2,100.61,201.22
TXN-10471,2025-04-04,59.0,Female,Electronics,4,219.8,879.2
TXN-10472,2025-08-26,42.0,Female,Beauty,1,40.1,40.1
TXN-10473,2025-07-23,56.0,Female,Clothing,1,119.72,119.72
TXN-10474,2025-08-06,52.0,Male,Clothing,3,188.0,564.0
TXN-10475,2025-12-07,20.0,Male,Home & Kitchen,1,224.94,224.94
TXN-10476,2025-02-08,67.0,Male,Electronics,1,488.97,488.97
TXN-10477,2025-04-10,54.0,Female,Home & Kitchen,1,405.85,405.85
TXN-10478,2025-10-16,61.0,Male,Clothing,1,371.33,371.33
TXN-10479,2025-09-11,61.0,Female,Clothing,2,273.15,546.3
TXN-10480,2025-08-10,68.0,Male,Beauty,1,421.6,421.6
TXN-10481,2025-12-23,47.0,Female,Clothing,4,176.27,705.08
TXN-10482,2025-01-23,55.0,Male,Electronics,3,357.36,1072.08
TXN-10483,2025-09-07,51.0,Male,Clothing,2,496.95,993.9
TXN-10484,2025-01-10,29.0,Male,Beauty,2,164.17,328.34
TXN-10485,2025-09-03,,Female,Electronics,4,340.27,1361.08
TXN-10486,2025-11-21,54.0,Female,Electronics,1,423.71,423.71
TXN-10487,2025-04-10,61.0,Female,Electronics,4,458.75,1835.0
TXN-10488,2025-10-17,66.0,Male,Electronics,3,361.79,1085.37
TXN-10489,2025-06-29,34.0,Male,Books,3,148.97,446.91
TXN-10490,2025-08-11,27.0,Female,Home & Kitchen,2,169.88,339.76
TXN-10491,2025-09-07,66.0,Male,Clothing,1,20.17,20.17
TXN-10492,2025-05-27,64.0,Male,Home & Kitchen,2,382.83,765.66
TXN-10493,2025-04-06,29.0,Female,Clothing,3,30.94,92.82
TXN-10494,2025-09-14,33.0,Female,Beauty,1,433.68,433.68
TXN-10495,2025-11-21,41.0,Female,Beauty,3,68.14,204.42
TXN-10496,2025-01-04,36.0,Female,Clothing,1,94.22,94.22
TXN-10497,2025-01-16,25.0,Male,Books,1,243.5,243.5
TXN-10498,2025-10-07,48.0,Male,Books,1,371.56,371.56
TXN-10499,2025-12-02,38.0,Female,Clothing,1,78.11,78.11
TXN-10500,2025-09-04,34.0,Female,Electronics,2,225.63,451.26
TXN-10501,2025-09-15,40.0,Male,Clothing,1,246.6,246.6
TXN-10502,2025-06-09,54.0,Male,Books,5,114.02,570.1
TXN-10503,2025-12-06,33.0,Male,Beauty,2,66.62,133.24
TXN-10504,2025-06-01,23.0,Female,Books,1,419.85,419.85
TXN-10505,2025-06-27,25.0,Female,Books,2,256.21,512.42
TXN-10506,2025-06-12,42.0,Female,Home & Kitchen,4,17.05,68.2
TXN-10507,2025-02-02,35.0,Male,Books,3,403.46,1210.38
TXN-10508,2025-06-28,42.0,Female,Books,1,490.59,490.59
TXN-10509,2025-04-11,29.0,Female,Clothing,4,306.9,1227.6
TXN-10510,2025-09-25,32.0,Male,Home & Kitchen,3,256.82,770.46
TXN-10511,2025-11-19,43.0,Male,Books,1,440.42,440.42
TXN-10512,2025-03-06,58.0,Male,Electronics,1,476.73,476.73
TXN-10513,2025-06-17,62.0,Male,Books,2,379.72,759.44
TXN-10514,2025-11-26,43.0,Female,Electronics,1,228.27,228.27
TXN-10515,2025-02-12,64.0,Male,Clothing,3,300.19,900.57
TXN-10516,2025-02-13,,Female,Books,1,353.46,353.46
TXN-10517,2025-10-12,27.0,Male,Clothing,4,105.19,420.76
TXN-10518,2025-01-12,33.0,Male,Electronics,2,229.13,458.26
TXN-10519,2025-04-05,24.0,Male,Clothing,1,416.61,416.61
TXN-10520,2025-10-29,34.0,Male,Books,1,330.82,330.82
TXN-10521,2025-09-10,40.0,Female,Electronics,2,211.49,422.98
TXN-10522,2025-08-30,43.0,Female,Beauty,3,335.05,1005.15
TXN-10523,2025-02-04,38.0,Female,Electronics,3,67.93,203.79
TXN-10524,2025-08-03,39.0,Female,Beauty,1,206.73,206.73
TXN-10525,2025-12-03,24.0,Male,Beauty,1,398.63,398.63
TXN-10526,2025-03-31,31.0,Male,Clothing,1,118.05,118.05
TXN-10527,2025-09-21,32.0,Male,Clothing,2,101.12,202.24
TXN-10528,2025-04-03,24.0,Female,Clothing,1,475.9,475.9
TXN-10529,2025-03-31,26.0,Male,Home & Kitchen,2,112.85,8095.5
TXN-10530,2025-04-25,68.0,Male,Electronics,2,137.85,275.7
TXN-10531,2025-04-15,65.0,Female,Electronics,4,485.11,1940.44
TXN-10532,2025-07-15,,Male,Electronics,1,370.01,370.01
TXN-10533,2025-11-10,67.0,Male,Clothing,1,352.8,352.8
TXN-10534,2025-04-24,40.0,Male,Clothing,2,427.93,855.86
TXN-10535,2025-03-16,46.0,Female,Home & Kitchen,2,66.75,133.5
TXN-10536,2025-08-05,35.0,Female,Beauty,1,355.92,355.92
TXN-10537,2025-10-04,48.0,Female,Clothing,4,256.81,1027.24
TXN-10538,2025-09-06,47.0,Male,Home & Kitchen,3,416.28,1248.84
TXN-10539,2025-06-13,69.0,Female,Clothing,1,258.99,258.99
TXN-10540,2025-12-23,56.0,Female,Books,1,313.92,313.92
TXN-10541,2025-07-11,52.0,Male,Beauty,2,244.09,488.18
TXN-10542,2025-08-15,35.0,Female,Books,3,244.3,732.9
TXN-10543,2025-06-26,59.0,Male,Beauty,1,386.31,386.31
TXN-10544,2025-04-09,56.0,Female,Electronics,2,318.0,636.0
TXN-10545,2025-02-05,34.0,Female,Books,2,320.3,640.6
TXN-10546,2025-04-06,31.0,Male,Books,1,230.64,230.64
TXN-10547,2025-06-01,48.0,Female,Electronics,2,270.24,540.48
TXN-10548,2025-05-31,41.0,Female,Beauty,4,375.4,1501.6
TXN-10549,2025-07-09,52.0,Female,Electronics,1,414.71,414.71
TXN-10550,2025-08-12,61.0,Male,Home & Kitchen,1,351.32,351.32
TXN-10551,2025-02-06,62.0,Male,Electronics,2,462.8,925.6
TXN-10552,2025-09-25,51.0,Male,Clothing,4,411.96,1647.84
TXN-10553,2025-07-02,20.0,Female,Home & Kitchen,5,285.31,1426.55
TXN-10554,2025-01-13,54.0,Male,Home & Kitchen,2,338.99,677.98
TXN-10555,2025-10-06,60.0,Female,Clothing,3,463.89,1391.67
TXN-10556,2025-08-05,57.0,Female,Clothing,2,313.39,626.78
TXN-10557,2025-12-21,43.0,Male,Books,2,414.16,828.32
TXN-10558,2025-12-27,40.0,Female,Electronics,1,347.52,347.52
TXN-10559,2025-10-13,61.0,Male,Clothing,1,280.45,280.45
TXN-10560,2025-09-30,56.0,Female,Beauty,1,128.5,128.5
TXN-10561,2025-03-03,32.0,Female,Books,2,218.74,437.48
TXN-10562,2025-03-25,66.0,Male,Clothing,1,484.19,484.19
TXN-10563,2025-08-05,21.0,Male,Books,4,332.31,1329.24
TXN-10564,2025-12-08,46.0,Male,Books,1,286.55,286.55
TXN-10565,2025-07-06,39.0,Female,Books,1,467.15,467.15
TXN-10566,2025-01-19,42.0,Female,Clothing,2,297.39,594.78
TXN-10567,2025-06-26,30.0,Female,Electronics,3,267.78,803.34
TXN-10568,2025-04-10,35.0,Male,Clothing,1,382.06,382.06
TXN-10569,2025-08-21,50.0,Male,Clothing,1,359.21,359.21
TXN-10570,2025-03-17,33.0,Male,Home & Kitchen,5,104.65,523.25
TXN-10571,2025-09-22,62.0,Female,Electronics,1,240.94,240.94
TXN-10572,2025-10-11,59.0,Female,Home & Kitchen,1,241.53,241.53
TXN-10573,2025-07-25,61.0,Male,Clothing,3,195.33,585.99
TXN-10574,2025-08-11,19.0,Male,Clothing,1,263.47,263.47
TXN-10575,2025-02-21,52.0,Female,Books,2,212.42,424.84
TXN-10576,2025-12-05,59.0,Female,Clothing,1,107.68,107.68
TXN-10577,2025-05-24,51.0,Female,Electronics,1,212.06,212.06
TXN-10578,2025-03-10,47.0,Female,Books,1,45.42,45.42
TXN-10579,2025-04-09,30.0,Male,Electronics,1,292.14,292.14
TXN-10580,2025-01-25,30.0,Male,Home & Kitchen,1,428.29,428.29
TXN-10581,2025-02-22,35.0,Female,Books,1,365.39,365.39
TXN-10582,2025-05-31,49.0,Female,Clothing,3,186.59,559.77
TXN-10583,2025-05-24,49.0,Male,Books,1,52.66,52.66
TXN-10584,2025-02-26,52.0,Female,Clothing,2,109.05,218.1
TXN-10585,2025-02-08,56.0,Female,Clothing,4,277.29,1109.16
TXN-10586,2025-04-19,63.0,Female,Electronics,2,111.46,222.92
TXN-10587,2025-06-30,69.0,Female,Clothing,1,276.55,276.55
TXN-10588,2025-02-11,46.0,Male,Beauty,4,123.48,493.92
TXN-10589,2025-07-05,66.0,Female,Clothing,1,425.97,425.97
TXN-10590,2025-08-11,46.0,Female,Clothing,1,204.66,204.66
TXN-10591,2025-05-02,61.0,Female,Clothing,3,130.32,390.96
TXN-10592,2025-05-13,33.0,Female,Home & Kitchen,2,408.04,816.08
TXN-10593,2025-06-12,61.0,Female,Electronics,2,177.99,355.98
TXN-10594,2025-08-03,64.0,Male,Clothing,1,64.63,64.63
TXN-10595,2025-08-09,27.0,Female,Home & Kitchen,2,289.5,579.0
TXN-10596,2025-08-23,47.0,Female,Electronics,1,294.97,294.97
TXN-10597,2025-11-27,42.0,Female,Electronics,4,360.2,1440.8
TXN-10598,2025-05-26,56.0,Female,Electronics,1,127.71,127.71
TXN-10599,2025-08-27,37.0,Female,Clothing,4,227.45,909.8
TXN-10600,2025-03-17,22.0,Male,Books,2,148.36,296.72
TXN-10601,2025-01-09,18.0,Female,Electronics,3,49.67,149.01
TXN-10602,2025-03-15,47.0,Male,Electronics,3,439.54,1318.62
TXN-10603,2025-09-10,66.0,Male,Clothing,2,367.15,734.3
TXN-10604,2025-08-18,20.0,Female,Home & Kitchen,1,157.72,157.72
TXN-10605,2025-01-07,62.0,Female,Home & Kitchen,1,303.69,303.69
TXN-10606,2025-06-23,31.0,Male,Clothing,1,108.62,108.62
TXN-10607,2025-05-21,47.0,Male,Books,4,446.22,1784.88
TXN-10608,2025-06-17,67.0,Female,Home & Kitchen,3,66.3,198.9
TXN-10609,2025-06-19,21.0,Male,Books,2,11.88,23.76
TXN-10610,2025-10-10,35.0,Male,Books,1,255.98,255.98
TXN-10611,2025-05-02,54.0,Male,Clothing,1,295.73,295.73
TXN-10612,2025-07-13,42.0,Male,Clothing,2,293.69,587.38
TXN-10613,2025-01-05,65.0,Male,Electronics,2,36.71,73.42
TXN-10614,2025-01-29,18.0,Male,Clothing,3,163.88,491.64
TXN-10615,2025-06-14,63.0,Male,Beauty,5,254.61,1273.05
TXN-10616,2025-12-05,32.0,Female,Clothing,1,116.12,116.12
TXN-10617,2025-05-16,26.0,Female,Electronics,2,437.59,875.18
TXN-10618,2025-12-31,32.0,Female,Books,2,52.68,105.36
TXN-10619,2025-11-17,66.0,Male,Clothing,1,248.82,248.82
TXN-10620,2025-12-08,41.0,Male,Electronics,1,348.79,348.79
TXN-10621,2025-05-25,21.0,Female,Clothing,1,138.26,138.26
TXN-10622,2025-11-23,29.0,Male,Clothing,4,315.88,1263.52
TXN-10623,2025-08-05,54.0,Female,Books,2,416.4,832.8
TXN-10624,2025-10-28,54.0,Female,Electronics,2,103.27,206.54
TXN-10625,2025-05-12,60.0,Female,Clothing,4,459.44,1837.76
TXN-10626,2025-10-19,23.0,Male,Clothing,3,281.24,843.72
TXN-10627,2025-03-11,56.0,Male,Clothing,1,156.62,156.62
TXN-10628,2025-09-09,63.0,Female,Home & Kitchen,2,221.12,442.24
TXN-10629,2025-10-02,41.0,Male,Clothing,2,162.97,325.94
TXN-10630,2025-12-30,28.0,Female,Clothing,3,365.3,1095.9
TXN-10631,2025-07-01,30.0,Female,Beauty,3,400.19,8095.5
TXN-10632,2025-06-16,51.0,Female,Home & Kitchen,2,418.14,836.28
TXN-10633,2025-04-01,42.0,Male,Electronics,1,493.03,493.03
TXN-10634,2025-07-21,24.0,Female,Home & Kitchen,3,397.73,1193.19
TXN-10635,2025-12-12,69.0,Female,Books,1,304.68,304.68
TXN-10636,2025-01-19,21.0,Male,Home & Kitchen,1,176.22,176.22
TXN-10637,2025-02-08,25.0,Male,Electronics,1,276.85,276.85
TXN-10638,2025-05-06,37.0,Female,Beauty,1,30.12,30.12
TXN-10639,2025-06-22,46.0,Male,Clothing,1,374.96,374.96
TXN-10640,2025-05-21,68.0,Male,Electronics,3,228.52,685.56
TXN-10641,2025-08-30,62.0,Male,Electronics,4,19.81,79.24
TXN-10642,2025-08-08,63.0,Female,Electronics,1,40.63,40.63
TXN-10643,2025-05-06,27.0,Female,Books,1,199.86,199.86
TXN-10644,2025-02-27,60.0,Female,Electronics,1,295.88,295.88
TXN-10645,2025-05-28,51.0,Male,Electronics,1,237.46,237.46
TXN-10646,2025-11-13,43.0,Male,Books,1,313.41,313.41
TXN-10647,2025-12-27,58.0,Female,Clothing,4,245.34,981.36
TXN-10648,2025-01-01,66.0,Female,Electronics,1,334.23,334.23
TXN-10649,2025-12-14,20.0,Male,Electronics,2,117.37,234.74
TXN-10650,2025-07-09,23.0,Female,Electronics,1,65.29,65.29
TXN-10651,2025-07-10,22.0,Female,Electronics,4,302.25,1209.0
TXN-10652,2025-11-08,22.0,Female,Home & Kitchen,3,247.5,742.5
TXN-10653,2025-04-27,64.0,Female,Electronics,4,23.17,92.68
TXN-10654,2025-05-14,40.0,Female,Electronics,3,196.44,589.32
TXN-10655,2025-02-27,66.0,Male,Books,1,62.0,62.0
TXN-10656,2025-02-13,26.0,Female,Home & Kitchen,1,270.36,270.36
TXN-10657,2025-06-22,52.0,Female,Clothing,2,203.93,407.86
TXN-10658,2025-06-09,37.0,Male,Clothing,1,310.44,310.44
TXN-10659,2025-06-22,66.0,Female,Clothing,2,404.75,809.5
TXN-10660,2025-11-13,59.0,Female,Clothing,1,156.84,156.84
TXN-10661,2025-10-30,52.0,Female,Clothing,1,481.43,481.43
TXN-10662,2025-05-29,67.0,Female,Clothing,2,272.46,544.92
TXN-10663,2025-03-21,35.0,Female,Beauty,2,312.96,625.92
TXN-10664,2025-08-01,34.0,Female,Electronics,3,343.53,1030.59
TXN-10665,2025-07-22,41.0,Male,Books,1,336.7,336.7
TXN-10666,2025-09-09,20.0,Female,Electronics,2,260.38,520.76
TXN-10667,2025-08-17,49.0,Male,Books,1,220.09,220.09
TXN-10668,2025-06-13,52.0,Male,Home & Kitchen,1,36.35,36.35
TXN-10669,2025-08-15,55.0,Male,Books,2,20.82,41.64
TXN-10670,2025-05-27,30.0,Female,Electronics,1,185.4,185.4
TXN-10671,2025-01-20,64.0,Male,Home & Kitchen,1,173.49,173.49
TXN-10672,2025-02-16,42.0,Female,Clothing,1,199.97,199.97
TXN-10673,2025-08-21,26.0,Female,Home & Kitchen,1,77.8,77.8
TXN-10674,2025-11-01,21.0,Female,Clothing,1,371.7,371.7
TXN-10675,2025-01-14,31.0,Male,Clothing,1,429.91,429.91
TXN-10676,2025-05-23,54.0,Female,Clothing,1,469.97,469.97
TXN-10677,2025-01-01,51.0,Female,Clothing,1,251.26,251.26
TXN-10678,2025-02-23,28.0,Female,Clothing,2,353.42,706.84
TXN-10679,2025-09-16,58.0,Male,Electronics,1,429.22,429.22
TXN-10680,2025-05-24,20.0,Male,Beauty,1,214.96,214.96
TXN-10681,2025-01-12,45.0,Male,Home & Kitchen,1,161.61,161.61
TXN-10682,2025-11-26,46.0,Male,Beauty,2,469.0,938.0
TXN-10683,2025-08-12,26.0,Male,Electronics,4,262.68,1050.72
TXN-10684,2025-09-29,20.0,Female,Books,3,253.65,760.95
TXN-10685,2025-12-24,42.0,Male,Books,3,97.42,292.26
TXN-10686,2025-06-05,51.0,Male,Home & Kitchen,2,63.0,126.0
TXN-10687,2025-01-08,29.0,Male,Home & Kitchen,2,422.63,845.26
TXN-10688,2025-05-02,59.0,Male,Clothing,2,310.93,621.86
TXN-10689,2025-12-14,26.0,Male,Books,1,169.65,169.65
TXN-10690,2025-06-13,32.0,Male,Clothing,1,103.95,103.95
TXN-10691,2025-03-31,57.0,Male,Electronics,1,282.19,282.19
TXN-10692,2025-05-16,42.0,Female,Clothing,4,296.12,1184.48
TXN-10693,2025-07-05,,Female,Beauty,2,111.43,222.86
TXN-10694,2025-11-12,28.0,Male,Books,3,427.19,1281.57
TXN-10695,2025-06-27,51.0,Male,Beauty,1,51.29,51.29
TXN-10696,2025-01-28,41.0,Female,Home & Kitchen,2,184.49,368.98
TXN-10697,2025-08-08,32.0,Male,Electronics,1,343.39,343.39
TXN-10698,2025-12-23,55.0,Male,Electronics,1,144.32,144.32
TXN-10699,2025-02-10,25.0,Female,Electronics,3,415.56,1246.68
TXN-10700,2025-08-16,22.0,Male,Electronics,2,372.54,745.08
TXN-10701,2025-07-11,65.0,Female,Clothing,1,396.62,396.62
TXN-10702,2025-05-25,43.0,Female,Electronics,3,68.36,205.08
TXN-10703,2025-07-20,35.0,Male,Clothing,1,78.87,78.87
TXN-10704,2025-07-31,23.0,Male,Beauty,5,150.37,751.85
TXN-10705,2025-08-08,54.0,Female,Clothing,1,263.86,263.86
TXN-10706,2025-08-28,65.0,Male,Books,1,376.53,376.53
TXN-10707,2025-02-15,30.0,Male,Home & Kitchen,1,419.9,419.9
TXN-10708,2025-02-04,45.0,Female,Electronics,1,355.12,355.12
TXN-10709,2025-09-10,22.0,Female,Clothing,1,465.01,8095.5
TXN-10710,2025-03-23,30.0,Male,Electronics,2,371.98,743.96
TXN-10711,2025-09-13,34.0,Female,Clothing,4,160.07,640.28
TXN-10712,2025-07-16,67.0,Male,Home & Kitchen,3,139.89,419.67
TXN-10713,2025-10-30,57.0,Female,Electronics,1,351.13,351.13
TXN-10714,2025-01-10,62.0,Female,Electronics,2,104.51,209.02
TXN-10715,2025-11-08,49.0,Female,Clothing,1,55.43,55.43
TXN-10716,2025-10-13,46.0,Female,Beauty,1,270.79,270.79
TXN-10717,2025-08-30,68.0,Female,Books,2,412.6,825.2
TXN-10718,2025-09-08,20.0,Male,Home & Kitchen,2,59.68,119.36
TXN-10719,2025-12-31,57.0,Female,Electronics,1,398.03,398.03
TXN-10720,2025-01-05,51.0,Male,Books,1,407.67,407.67
TXN-10721,2025-04-29,57.0,Male,Books,5,246.31,1231.55
TXN-10722,2025-10-16,44.0,Male,Home & Kitchen,1,38.08,38.08
TXN-10723,2025-03-06,30.0,Female,Beauty,2,95.55,191.1
TXN-10724,2025-05-26,62.0,Female,Clothing,2,356.64,713.28
TXN-10725,2025-08-12,50.0,Male,Beauty,1,358.77,358.77
TXN-10726,2025-08-27,23.0,Male,Beauty,1,450.19,450.19
TXN-10727,2025-06-26,41.0,Female,Electronics,1,295.52,295.52
TXN-10728,2025-09-24,36.0,Male,Clothing,3,70.81,212.43
TXN-10729,2025-12-07,33.0,Male,Beauty,2,69.49,138.98
TXN-10730,2025-10-09,57.0,Female,Electronics,2,363.35,726.7
TXN-10731,2025-03-04,45.0,Female,Clothing,5,100.05,500.25
TXN-10732,2025-08-05,50.0,Female,Beauty,3,170.91,512.73
TXN-10733,2025-12-08,65.0,Male,Home & Kitchen,2,248.73,497.46
TXN-10734,2025-11-11,58.0,Male,Electronics,2,22.13,44.26
TXN-10735,2025-10-10,30.0,Female,Home & Kitchen,2,131.92,263.84
TXN-10736,2025-06-26,60.0,Female,Electronics,2,209.87,419.74
TXN-10737,2025-04-08,62.0,Female,Clothing,2,147.02,294.04
TXN-10738,2025-04-15,42.0,Female,Electronics,2,76.82,153.64
TXN-10739,2025-04-09,59.0,Male,Home & Kitchen,1,366.73,366.73
TXN-10740,2025-11-07,53.0,Female,Clothing,2,408.44,816.88
TXN-10741,2025-01-06,44.0,Male,Home & Kitchen,1,136.16,136.16
TXN-10742,2025-07-16,55.0,Male,Home & Kitchen,1,389.47,389.47
TXN-10743,2025-12-17,24.0,Female,Clothing,1,198.92,198.92
TXN-10744,2025-05-13,22.0,Male,Home & Kitchen,2,258.28,516.56
TXN-10745,2025-12-24,60.0,Male,Electronics,2,429.44,858.88
TXN-10746,2025-09-16,62.0,Female,Home & Kitchen,1,377.48,377.48
TXN-10747,2025-01-23,68.0,Male,Electronics,2,404.51,809.02
TXN-10748,2025-02-22,48.0,Female,Beauty,2,77.05,154.1
TXN-10749,2025-06-14,40.0,Male,Electronics,1,44.16,44.16
TXN-10750,2025-07-21,59.0,Female,Clothing,2,447.77,895.54
TXN-10751,2025-03-24,27.0,Male,Home & Kitchen,3,200.04,600.12
TXN-10752,2025-05-25,49.0,Male,Clothing,3,151.06,453.18
TXN-10753,2025-03-26,60.0,Female,Electronics,2,365.1,730.2
TXN-10754,2025-03-19,47.0,Female,Home & Kitchen,2,419.84,839.68
TXN-10755,2025-01-01,56.0,Female,Home & Kitchen,1,432.62,432.62
TXN-10756,2025-02-20,48.0,Male,Home & Kitchen,1,164.84,164.84
TXN-10757,2025-06-22,35.0,Female,Clothing,1,427.58,427.58
TXN-10758,2025-07-24,53.0,Female,Home & Kitchen,5,30.06,150.3
TXN-10759,2025-09-17,19.0,Female,Clothing,1,34.33,34.33
TXN-10760,2025-10-15,31.0,Female,Home & Kitchen,1,315.52,315.52
TXN-10761,2025-02-03,30.0,Male,Home & Kitchen,4,40.92,163.68
TXN-10762,2025-12-14,46.0,Male,Clothing,4,169.06,676.24
TXN-10763,2025-04-05,29.0,Female,Electronics,3,339.65,1018.95
TXN-10764,2025-03-13,56.0,Male,Electronics,1,175.26,175.26
TXN-10765,2025-02-08,19.0,Male,Electronics,1,98.0,98.0
TXN-10766,2025-06-03,49.0,Female,Electronics,1,147.86,147.86
TXN-10767,2025-09-07,30.0,Female,Clothing,1,234.21,234.21
TXN-10768,2025-06-11,63.0,Female,Home & Kitchen,1,242.94,242.94
TXN-10769,2025-04-28,44.0,Female,Electronics,2,393.67,787.34
TXN-10770,2025-09-16,66.0,Female,Beauty,4,377.58,1510.32
TXN-10771,2025-11-02,58.0,Male,Electronics,1,233.84,233.84
TXN-10772,2025-09-25,34.0,Male,Books,2,424.38,848.76
TXN-10773,2025-02-23,57.0,Male,Home & Kitchen,2,65.98,131.96
TXN-10774,2025-08-24,48.0,Male,Clothing,1,135.12,135.12
TXN-10775,2025-08-10,51.0,Female,Electronics,2,415.71,831.42
TXN-10776,2025-09-08,41.0,Male,Home & Kitchen,1,195.22,195.22
TXN-10777,2025-11-09,62.0,Male,Clothing,1,490.78,490.78
TXN-10778,2025-04-22,52.0,Male,Beauty,3,238.46,715.38
TXN-10779,2025-09-12,65.0,Male,Clothing,1,398.05,398.05
TXN-10780,2025-10-30,23.0,Male,Beauty,5,207.13,1035.65
TXN-10781,2025-07-26,36.0,Male,Electronics,1,218.23,218.23
TXN-10782,2025-08-17,47.0,Male,Home & Kitchen,2,197.61,395.22
TXN-10783,2025-12-07,24.0,Male,Home & Kitchen,2,362.35,724.7
TXN-10784,2025-03-07,27.0,Male,Home & Kitchen,1,278.28,278.28
TXN-10785,2025-03-16,58.0,Female,Electronics,1,472.45,472.45
TXN-10786,2025-04-13,49.0,Male,Home & Kitchen,2,132.94,265.88
TXN-10787,2025-07-11,51.0,Male,Clothing,3,59.28,177.84
TXN-10788,2025-09-09,45.0,Female,Home & Kitchen,3,202.7,8095.5
TXN-10789,2025-08-14,32.0,Male,Clothing,2,312.19,624.38
TXN-10790,2025-10-21,47.0,Female,Books,3,431.79,1295.37
TXN-10791,2025-11-02,54.0,Female,Electronics,2,179.64,359.28
TXN-10792,2025-04-08,46.0,Male,Books,3,330.36,991.08
TXN-10793,2025-12-04,39.0,Female,Books,2,181.6,363.2
TXN-10794,2025-10-13,21.0,Male,Books,2,312.44,624.88
TXN-10795,2025-12-01,37.0,Female,Clothing,3,443.56,1330.68
TXN-10796,2025-12-13,49.0,Male,Clothing,1,123.37,123.37
TXN-10797,2025-11-04,53.0,Female,Beauty,3,208.08,624.24
TXN-10798,2025-09-06,67.0,Male,Electronics,2,496.7,993.4
TXN-10799,2025-06-15,21.0,Female,Clothing,1,435.59,435.59
TXN-10800,2025-12-01,44.0,Female,Home & Kitchen,1,286.67,286.67
TXN-10801,2025-01-30,34.0,Male,Home & Kitchen,1,263.15,263.15
TXN-10802,2025-09-04,29.0,Male,Electronics,2,149.45,298.9
TXN-10803,2025-04-16,39.0,Female,Home & Kitchen,3,263.43,790.29
TXN-10804,2025-02-20,34.0,Female,Books,1,425.61,425.61
TXN-10805,2025-03-22,27.0,Male,Electronics,3,345.74,1037.22
TXN-10806,2025-05-13,18.0,Female,Beauty,4,152.12,608.48
TXN-10807,2025-10-12,39.0,Female,Electronics,1,108.72,108.72
TXN-10808,2025-05-18,43.0,Female,Clothing,4,139.95,559.8
TXN-10809,2025-07-03,35.0,Male,Electronics,5,93.18,465.9
TXN-10810,2025-11-26,67.0,Female,Electronics,3,56.86,170.58
TXN-10811,2025-09-30,31.0,Male,Beauty,3,215.38,646.14
TXN-10812,2025-12-06,64.0,Female,Clothing,5,65.52,327.6
TXN-10813,2025-03-10,46.0,Female,Clothing,2,94.24,188.48
TXN-10814,2025-02-03,29.0,Male,Electronics,1,278.19,278.19
TXN-10815,2025-09-19,53.0,Female,Home & Kitchen,3,90.65,271.95
TXN-10816,2025-02-22,52.0,Male,Home & Kitchen,2,41.3,82.6
TXN-10817,2025-07-24,69.0,Female,Clothing,2,165.52,331.04
TXN-10818,2025-05-06,29.0,Female,Clothing,1,117.96,117.96
TXN-10819,2025-08-23,24.0,Female,Books,3,262.5,787.5
TXN-10820,2025-02-12,46.0,Male,Clothing,1,60.16,60.16
TXN-10821,2025-08-28,28.0,Female,Clothing,4,378.37,1513.48
TXN-10822,2025-04-21,50.0,Male,Clothing,1,454.05,454.05
TXN-10823,2025-09-06,,Male,Books,1,374.28,374.28
TXN-10824,2025-05-31,64.0,Female,Clothing,2,271.09,542.18
TXN-10825,2025-07-02,32.0,Male,Clothing,1,431.73,431.73
TXN-10826,2025-12-02,49.0,Male,Clothing,2,350.51,701.02
TXN-10827,2025-04-05,68.0,Female,Beauty,4,15.17,60.68
TXN-10828,2025-01-08,28.0,Male,Clothing,3,203.1,609.3
TXN-10829,2025-12-26,40.0,Male,Books,1,426.97,426.97
TXN-10830,2025-07-03,43.0,Female,Clothing,1,179.47,179.47
TXN-10831,2025-10-08,51.0,Male,Electronics,3,27.26,81.78
TXN-10832,2025-07-14,63.0,Female,Books,4,375.63,1502.52
TXN-10833,2025-12-18,51.0,Female,Clothing,2,403.0,806.0
TXN-10834,2025-07-14,46.0,Female,Books,2,88.69,177.38
TXN-10835,2025-06-04,21.0,Female,Beauty,1,273.3,273.3
TXN-10836,2025-04-03,34.0,Male,Books,4,104.06,416.24
TXN-10837,2025-06-09,52.0,Male,Electronics,2,362.42,724.84
TXN-10838,2025-03-02,30.0,Female,Books,1,143.06,143.06
TXN-10839,2025-05-02,58.0,Female,Clothing,1,164.95,164.95
TXN-10840,2025-02-20,56.0,Female,Books,4,424.04,1696.16
TXN-10841,2025-10-04,32.0,Male,Home & Kitchen,1,243.4,243.4
TXN-10842,2025-01-05,46.0,Male,Books,1,338.18,338.18
TXN-10843,2025-04-02,46.0,Male,Clothing,2,207.16,414.32
TXN-10844,2025-06-19,28.0,Female,Clothing,1,156.02,156.02
TXN-10845,2025-11-13,69.0,Male,Electronics,1,316.48,316.48
TXN-10846,2025-01-22,49.0,Female,Books,3,85.88,257.64
TXN-10847,2025-11-22,19.0,Female,Clothing,4,192.77,771.08
TXN-10848,2025-01-01,64.0,Male,Clothing,3,112.43,337.29
TXN-10849,2025-05-13,31.0,Female,Books,4,350.94,1403.76
TXN-10850,2025-08-21,37.0,Male,Home & Kitchen,2,472.66,945.32
TXN-10851,2025-01-12,39.0,Female,Electronics,3,497.8,1493.4
TXN-10852,2025-12-12,28.0,Female,Home & Kitchen,1,230.64,230.64
TXN-10853,2025-02-15,44.0,Female,Clothing,2,133.74,267.48
TXN-10854,2025-02-03,20.0,Female,Clothing,5,226.99,1134.95
TXN-10855,2025-03-19,34.0,Male,Electronics,1,425.16,425.16
TXN-10856,2025-08-06,61.0,Male,Electronics,1,110.94,110.94
TXN-10857,2025-10-28,45.0,Female,Clothing,2,476.53,953.06
TXN-10858,2025-03-14,46.0,Male,Home & Kitchen,1,177.51,177.51
TXN-10859,2025-10-09,38.0,Male,Electronics,1,493.04,493.04
TXN-10860,2025-09-06,64.0,Male,Clothing,3,420.92,1262.76
TXN-10861,2025-02-16,33.0,Female,Beauty,5,406.2,2031.0
TXN-10862,2025-05-01,54.0,Male,Electronics,2,165.77,331.54
TXN-10863,2025-08-02,37.0,Female,Clothing,1,14.3,14.3
TXN-10864,2025-08-27,23.0,Female,Books,1,197.25,197.25
TXN-10865,2025-02-25,36.0,Male,Beauty,4,157.89,631.56
TXN-10866,2025-12-16,22.0,Male,Home & Kitchen,2,28.32,56.64
TXN-10867,2025-04-17,20.0,Male,Home & Kitchen,1,257.63,257.63
TXN-10868,2025-11-15,18.0,Female,Books,2,207.49,414.98
TXN-10869,2025-02-17,55.0,Male,Clothing,1,320.93,320.93
TXN-10870,2025-03-02,32.0,Male,Books,2,314.38,628.76
TXN-10871,2025-12-03,51.0,Male,Electronics,4,69.17,276.68
TXN-10872,2025-01-26,52.0,Female,Beauty,2,488.71,977.42
TXN-10873,2025-10-19,66.0,Male,Clothing,2,101.6,203.2
TXN-10874,2025-09-14,42.0,Female,Home & Kitchen,1,228.18,228.18
TXN-10875,2025-01-08,41.0,Female,Clothing,3,249.18,747.54
TXN-10876,2025-04-23,29.0,Male,Home & Kitchen,2,408.4,816.8
TXN-10877,2025-12-21,35.0,Female,Electronics,1,58.62,58.62
TXN-10878,2025-09-10,32.0,Male,Books,2,220.04,440.08
TXN-10879,2025-06-29,61.0,Female,Books,1,317.97,317.97
TXN-10880,2025-07-26,33.0,Female,Electronics,3,115.43,346.29
TXN-10881,2025-10-30,44.0,Female,Books,2,317.46,634.92
TXN-10882,2025-05-07,25.0,Male,Books,5,462.6,2313.0
TXN-10883,2025-02-25,63.0,Male,Home & Kitchen,1,498.78,498.78
TXN-10884,2025-08-02,42.0,Male,Clothing,3,25.9,77.7
TXN-10885,2025-01-14,34.0,Male,Clothing,2,125.44,250.88
TXN-10886,2025-01-28,46.0,Male,Electronics,3,162.05,486.15
TXN-10887,2025-03-19,25.0,Male,Clothing,1,205.57,205.57
TXN-10888,2025-08-04,32.0,Male,Beauty,2,128.71,257.42
TXN-10889,2025-12-31,44.0,Male,Electronics,3,109.71,329.13
TXN-10890,2025-06-03,63.0,Female,Books,1,477.73,477.73
TXN-10891,2025-01-14,67.0,Male,Clothing,1,460.08,460.08
TXN-10892,2025-07-06,69.0,Male,Clothing,2,33.03,66.06
TXN-10893,2025-11-08,24.0,Male,Books,2,176.02,352.04
TXN-10894,2025-01-07,20.0,Male,Books,1,208.52,208.52
TXN-10895,2025-01-03,46.0,Female,Clothing,1,127.12,127.12
TXN-10896,2025-04-21,61.0,Male,Clothing,1,318.15,318.15
TXN-10897,2025-08-26,41.0,Female,Clothing,3,323.79,971.37
TXN-10898,2025-12-29,20.0,Female,Electronics,2,426.75,853.5
TXN-10899,2025-08-27,37.0,Female,Clothing,3,373.03,1119.09
TXN-10900,2025-10-01,63.0,Female,Clothing,5,275.86,1379.3
TXN-10901,2025-10-21,32.0,Female,Clothing,2,330.26,660.52
TXN-10902,2025-08-15,42.0,Female,Home & Kitchen,1,144.25,144.25
TXN-10903,2025-01-15,47.0,Female,Clothing,1,300.6,300.6
TXN-10904,2025-07-11,31.0,Female,Clothing,1,249.72,249.72
TXN-10905,2025-04-29,24.0,Female,Clothing,4,75.34,301.36
TXN-10906,2025-01-28,34.0,Female,Home & Kitchen,2,128.85,257.7
TXN-10907,2025-07-21,61.0,Female,Books,1,152.93,152.93
TXN-10908,2025-02-08,37.0,Male,Clothing,1,462.91,462.91
TXN-10909,2025-09-30,53.0,Male,Books,2,122.89,245.78
TXN-10910,2025-08-19,26.0,Male,Clothing,2,151.73,303.46
TXN-10911,2025-03-27,55.0,Male,Clothing,1,190.98,190.98
TXN-10912,2025-05-06,65.0,Male,Clothing,5,335.23,1676.15
TXN-10913,2025-10-27,39.0,Male,Clothing,2,67.94,135.88
TXN-10914,2025-01-25,19.0,Female,Home & Kitchen,1,477.43,477.43
TXN-10915,2025-05-25,,Male,Books,4,434.13,1736.52
TXN-10916,2025-01-13,25.0,Female,Electronics,1,292.84,292.84
TXN-10917,2025-07-31,28.0,Male,Home & Kitchen,4,340.28,1361.12
TXN-10918,2025-01-25,30.0,Male,Home & Kitchen,5,18.16,90.8
TXN-10919,2025-03-09,34.0,Female,Electronics,3,176.08,528.24
TXN-10920,2025-03-08,25.0,Female,Electronics,3,399.87,1199.61
TXN-10921,2025-08-21,38.0,Male,Clothing,1,47.97,47.97
TXN-10922,2025-04-19,35.0,Female,Electronics,4,148.33,593.32
TXN-10923,2025-05-26,47.0,Female,Electronics,2,296.8,593.6
TXN-10924,2025-04-21,35.0,Male,Clothing,3,135.64,406.92
TXN-10925,2025-08-16,63.0,Male,Clothing,4,467.65,1870.6
TXN-10926,2025-04-21,64.0,Female,Home & Kitchen,5,74.22,371.1
TXN-10927,2025-02-03,48.0,Female,Home & Kitchen,3,400.72,1202.16
TXN-10928,2025-04-21,55.0,Female,Beauty,1,258.89,258.89
TXN-10929,2025-09-21,49.0,Female,Clothing,5,377.66,1888.3
TXN-10930,2025-08-24,28.0,Male,Books,2,162.25,324.5
TXN-10931,2025-03-24,62.0,Male,Books,4,262.1,1048.4
TXN-10932,2025-02-11,42.0,Male,Home & Kitchen,2,429.85,859.7
TXN-10933,2025-04-11,50.0,Female,Clothing,1,238.77,238.77
TXN-10934,2025-01-06,55.0,Female,Books,1,186.26,186.26
TXN-10935,2025-06-29,58.0,Female,Electronics,2,272.72,545.44
TXN-10936,2025-10-09,25.0,Male,Clothing,3,361.51,1084.53
TXN-10937,2025-11-16,28.0,Male,Clothing,1,227.35,227.35
TXN-10938,2025-08-14,39.0,Female,Home & Kitchen,2,470.05,940.1
TXN-10939,2025-11-11,68.0,Female,Electronics,1,154.52,154.52
TXN-10940,2025-12-31,41.0,Female,Beauty,3,242.98,728.94
TXN-10941,2025-08-17,58.0,Male,Home & Kitchen,2,380.89,761.78
TXN-10942,2025-10-16,34.0,Female,Clothing,1,347.67,8095.5
TXN-10943,2025-05-30,29.0,Male,Beauty,1,433.18,433.18
TXN-10944,2025-10-04,63.0,Female,Clothing,1,498.44,498.44
TXN-10945,2025-07-17,49.0,Male,Beauty,2,219.16,438.32
TXN-10946,2025-03-11,32.0,Female,Clothing,1,64.46,64.46
TXN-10947,2025-04-22,33.0,Male,Electronics,1,24.9,24.9
TXN-10948,2025-01-04,39.0,Female,Books,4,366.17,1464.68
TXN-10949,2025-12-16,45.0,Male,Home & Kitchen,4,438.27,1753.08
TXN-10950,2025-11-27,37.0,Male,Books,2,118.15,236.3
TXN-10951,2025-11-14,50.0,Male,Beauty,5,87.64,438.2
TXN-10952,2025-12-16,27.0,Male,Books,1,40.48,40.48
TXN-10953,2025-04-05,57.0,Male,Home & Kitchen,2,413.12,826.24
TXN-10954,2025-06-01,49.0,Female,Books,2,162.58,325.16
TXN-10955,2025-11-07,67.0,Male,Home & Kitchen,2,206.83,413.66
TXN-10956,2025-05-17,50.0,Female,Clothing,1,256.35,256.35
TXN-10957,2025-09-04,19.0,Female,Books,2,421.33,842.66
TXN-10958,2025-08-31,50.0,Female,Electronics,2,328.91,657.82
TXN-10959,2025-01-31,50.0,Male,Home & Kitchen,3,311.38,934.14
TXN-10960,2025-02-09,58.0,Male,Books,1,96.08,96.08
TXN-10961,2025-08-17,30.0,Female,Home & Kitchen,1,261.46,261.46
TXN-10962,2025-02-05,47.0,Female,Home & Kitchen,1,360.54,360.54
TXN-10963,2025-08-11,50.0,Male,Books,1,486.9,486.9
TXN-10964,2025-01-06,30.0,Male,Clothing,2,108.69,217.38
TXN-10965,2025-11-18,69.0,Male,Books,1,14.68,14.68
TXN-10966,2025-08-08,43.0,Female,Electronics,4,46.9,187.6
TXN-10967,2025-03-16,39.0,Male,Electronics,1,194.17,194.17
TXN-10968,2025-01-04,56.0,Male,Clothing,1,412.07,412.07
TXN-10969,2025-12-01,19.0,Female,Clothing,2,13.5,27.0
TXN-10970,2025-05-14,55.0,Male,Clothing,1,233.8,233.8
TXN-10971,2025-04-28,56.0,Male,Books,2,171.32,342.64
TXN-10972,2025-04-04,43.0,Female,Clothing,2,35.72,71.44
TXN-10973,2025-03-03,63.0,Female,Clothing,1,230.62,230.62
TXN-10974,2025-07-13,67.0,Male,Electronics,1,134.83,134.83
TXN-10975,2025-12-01,32.0,Male,Clothing,1,182.42,182.42
TXN-10976,2025-07-22,51.0,Male,Home & Kitchen,1,355.75,355.75
TXN-10977,2025-01-26,59.0,Male,Electronics,1,265.56,265.56
TXN-10978,2025-06-22,61.0,Female,Clothing,1,71.08,71.08
TXN-10979,2025-10-27,66.0,Male,Electronics,1,481.09,481.09
TXN-10980,2025-05-13,57.0,Male,Electronics,2,321.6,643.2
TXN-10981,2025-11-22,28.0,Male,Clothing,2,385.28,770.56
TXN-10982,2025-04-28,,Female,Electronics,2,48.81,97.62
TXN-10983,2025-11-20,23.0,Female,Home & Kitchen,1,33.06,33.06
TXN-10984,2025-10-02,26.0,Female,Books,1,19.53,19.53
TXN-10985,2025-07-31,23.0,Male,Clothing,4,102.51,410.04
TXN-10986,2025-08-13,26.0,Female,Beauty,2,213.06,426.12
TXN-10987,2025-01-20,56.0,Female,Clothing,4,468.55,1874.2
TXN-10988,2025-04-23,48.0,Male,Clothing,1,233.96,233.96
TXN-10989,2025-05-20,49.0,Male,Beauty,2,152.23,304.46
TXN-10990,2025-02-16,58.0,Male,Electronics,2,285.35,570.7
TXN-10991,2025-01-01,67.0,Male,Beauty,1,64.85,64.85
TXN-10992,2025-03-31,29.0,Male,Electronics,2,308.66,617.32
TXN-10993,2025-05-22,25.0,Male,Clothing,2,288.53,577.06
TXN-10994,2025-11-16,25.0,Male,Electronics,1,398.08,398.08
TXN-10995,2025-02-07,67.0,Female,Home & Kitchen,1,493.48,493.48
TXN-10996,2025-10-20,45.0,Male,Home & Kitchen,3,132.93,398.79
TXN-10997,2025-05-19,37.0,Female,Home & Kitchen,4,259.73,1038.92
TXN-10998,2025-12-22,64.0,Female,Clothing,1,455.34,455.34
TXN-10999,2025-11-29,24.0,Female,Clothing,1,394.74,394.74
